name,value
Copland Portrait,http://dbpedia.org/resource/Aaron_Copland
Carl Sandburg,http://dbpedia.org/resource/Carl_Sandburg
Cole Porter,http://dbpedia.org/resource/Cole_Porter
Edna Ferber,http://dbpedia.org/resource/Edna_Ferber
Fredric Brown,http://dbpedia.org/resource/Fredric_Brown
Greg Bear,http://dbpedia.org/resource/Greg_Bear
Ike Turner,http://dbpedia.org/resource/Ike_Turner
Jack London,http://dbpedia.org/resource/Jack_London
Jim Thorpe,http://dbpedia.org/resource/Jim_Thorpe
Kevin J. Anderson,http://dbpedia.org/resource/Kevin_J._Anderson
Krist Novoselic,http://dbpedia.org/resource/Krist_Novoselic
Lanford Wilson,http://dbpedia.org/resource/Lanford_Wilson
Lenny Bruce,http://dbpedia.org/resource/Lenny_Bruce
Marc Connelly,http://dbpedia.org/resource/Marc_Connelly
Moss Hart,http://dbpedia.org/resource/Moss_Hart
Murray Leinster,http://dbpedia.org/resource/Murray_Leinster
O. Henry,http://dbpedia.org/resource/O._Henry
R. Kelly,http://dbpedia.org/resource/R._Kelly
Roger Zelazny,http://dbpedia.org/resource/Roger_Zelazny
Sinclair Lewis,http://dbpedia.org/resource/Sinclair_Lewis
Sir Mix-a-Lot,http://dbpedia.org/resource/Sir_Mix-a-Lot
Theodore Dreiser,http://dbpedia.org/resource/Theodore_Dreiser
Theodore Sturgeon,http://dbpedia.org/resource/Theodore_Sturgeon
William S. Burroughs,http://dbpedia.org/resource/William_S._Burroughs
Chris Clark,http://dbpedia.org/resource/Chris_Clark_(singer)
John Grey,http://dbpedia.org/resource/John_Grey_(screenwriter)
Ash Brannon,http://dbpedia.org/resource/Ash_Brannon
Bob Carroll,"http://dbpedia.org/resource/Bob_Carroll,_Jr."
Finley Peter Dunne,http://dbpedia.org/resource/Finley_Peter_Dunne
George O'Hara,http://dbpedia.org/resource/George_O'Hara_(actor)
Gerard John Schaefer,http://dbpedia.org/resource/Gerard_John_Schaefer
Greg Poirier,http://dbpedia.org/resource/Gregory_Poirier
Howard Browne,http://dbpedia.org/resource/Howard_Browne
Jeri Taylor,http://dbpedia.org/resource/Jeri_Taylor
Joe Young,http://dbpedia.org/resource/Joe_Young_(lyricist)
Jonathan Haze,http://dbpedia.org/resource/Jonathan_Haze
Katharine Lee Bates,http://dbpedia.org/resource/Katharine_Lee_Bates
Mary Coyle Chase,http://dbpedia.org/resource/Mary_Chase_(playwright)
Robert Littell,http://dbpedia.org/resource/Robert_Littell_(author)
Willard Huntington Wright,http://dbpedia.org/resource/S._S._Van_Dine
Scott B. Smith,http://dbpedia.org/resource/Scott_Smith_(author)
Sonja Sohn,http://dbpedia.org/resource/Sonja_Sohn
Thomas Meehan,http://dbpedia.org/resource/Thomas_Meehan_(writer)
Andrew Hollander,http://dbpedia.org/resource/Andrew_Hollander
Douglas Rushkoff,http://dbpedia.org/resource/Douglas_Rushkoff
Jeremih,http://dbpedia.org/resource/Jeremih
Lucian Piane,http://dbpedia.org/resource/Lucian_Piane
Parnell Hall,http://dbpedia.org/resource/Parnell_Hall_(writer)
Rick Ross,http://dbpedia.org/resource/Rick_Ross
Ron Browz,http://dbpedia.org/resource/Ron_Browz
Ryan Higa,http://dbpedia.org/resource/Ryan_Higa
Arthur Hotaling,http://dbpedia.org/resource/Arthur_Hotaling
Bernard McConville,http://dbpedia.org/resource/Bernard_McConville
Freddie Perren,http://dbpedia.org/resource/Freddie_Perren
George Sherman,http://dbpedia.org/resource/George_Sherman
Jack Cunningham,http://dbpedia.org/resource/Jack_Cunningham_(screenwriter)
Jack Townley,http://dbpedia.org/resource/Jack_Townley
John McTiernan,http://dbpedia.org/resource/John_McTiernan
Richard Bartlett,http://dbpedia.org/resource/Richard_Bartlett
http://dbpedia.org/resource/1991–92_Michigan_Wolverines_men's_basketball_team,http://dbpedia.org/resource/Steve_Fisher
http://dbpedia.org/resource/San_Diego_State_Aztecs_men's_basketball,http://dbpedia.org/resource/Steve_Fisher
http://dbpedia.org/resource/1989–90_Michigan_Wolverines_men's_basketball_team,http://dbpedia.org/resource/Steve_Fisher
http://dbpedia.org/resource/1993–94_Michigan_Wolverines_men's_basketball_team,http://dbpedia.org/resource/Steve_Fisher
http://dbpedia.org/resource/1994–95_Michigan_Wolverines_men's_basketball_team,http://dbpedia.org/resource/Steve_Fisher
http://dbpedia.org/resource/1995–96_Michigan_Wolverines_men's_basketball_team,http://dbpedia.org/resource/Steve_Fisher
http://dbpedia.org/resource/1988–89_Michigan_Wolverines_men's_basketball_team,http://dbpedia.org/resource/Steve_Fisher
http://dbpedia.org/resource/1992–93_Michigan_Wolverines_men's_basketball_team,http://dbpedia.org/resource/Steve_Fisher
http://dbpedia.org/resource/1996–97_Michigan_Wolverines_men's_basketball_team,http://dbpedia.org/resource/Steve_Fisher
http://dbpedia.org/resource/Michigan_Wolverines_men's_basketball_team,http://dbpedia.org/resource/Steve_Fisher
http://dbpedia.org/resource/2008–09_San_Diego_State_Aztecs_men's_basketball_team,http://dbpedia.org/resource/Steve_Fisher
http://dbpedia.org/resource/2013–14_San_Diego_State_Aztecs_men's_basketball_team,http://dbpedia.org/resource/Steve_Fisher
http://dbpedia.org/resource/2015–16_San_Diego_State_Aztecs_men's_basketball_team,http://dbpedia.org/resource/Steve_Fisher
http://dbpedia.org/resource/1990–91_Michigan_Wolverines_men's_basketball_team,http://dbpedia.org/resource/Steve_Fisher
http://dbpedia.org/resource/2012–13_San_Diego_State_Aztecs_men's_basketball_team,http://dbpedia.org/resource/Steve_Fisher
http://dbpedia.org/resource/2010–11_San_Diego_State_Aztecs_men's_basketball_team,http://dbpedia.org/resource/Steve_Fisher
http://dbpedia.org/resource/2011–12_San_Diego_State_Aztecs_men's_basketball_team,http://dbpedia.org/resource/Steve_Fisher
http://dbpedia.org/resource/2009–10_San_Diego_State_Aztecs_men's_basketball_team,http://dbpedia.org/resource/Steve_Fisher
http://dbpedia.org/resource/2014–15_San_Diego_State_Aztecs_men's_basketball_team,http://dbpedia.org/resource/Steve_Fisher
http://dbpedia.org/resource/2016–17_San_Diego_State_Aztecs_men's_basketball_team,http://dbpedia.org/resource/Steve_Fisher
Michigan,http://dbpedia.org/resource/Steve_Fisher
San Diego State,http://dbpedia.org/resource/Steve_Fisher
Terry Gilkyson,http://dbpedia.org/resource/Terry_Gilkyson
Thomas Gifford,http://dbpedia.org/resource/Thomas_Gifford
Viña Delmar,http://dbpedia.org/resource/Viña_Delmar
William Forrest,http://dbpedia.org/resource/William_Forrest_(actor)
David Lochary,http://dbpedia.org/resource/David_Lochary
Don Cornelius,http://dbpedia.org/resource/Don_Cornelius
James Oliver Curwood,http://dbpedia.org/resource/James_Oliver_Curwood
Alice B. Russell,http://dbpedia.org/resource/Alice_B._Russell
Earl Hurd,http://dbpedia.org/resource/Earl_Hurd
Edwin August,http://dbpedia.org/resource/Edwin_August
Ernest Pagano,http://dbpedia.org/resource/Ernest_Pagano
Frank E. Woods,http://dbpedia.org/resource/Frank_E._Woods
Glenn Tryon,http://dbpedia.org/resource/Glenn_Tryon
Grover Jones,http://dbpedia.org/resource/Grover_Jones
Hal Yates,http://dbpedia.org/resource/Hal_Yates
Harvey Gates,http://dbpedia.org/resource/Harvey_Gates
J. Searle Dawley,http://dbpedia.org/resource/J._Searle_Dawley
Jason Horton,http://dbpedia.org/resource/Jason_Horton
Jerome Storm,http://dbpedia.org/resource/Jerome_Storm
Lynn Reynolds,http://dbpedia.org/resource/Lynn_Reynolds
Neal Hart,http://dbpedia.org/resource/Neal_Hart
Peter B. Kyne,http://dbpedia.org/resource/Peter_B._Kyne
Reggie Morris,http://dbpedia.org/resource/Reggie_Morris
Scott Pembroke,http://dbpedia.org/resource/Scott_Pembroke
Stanner E.V. Taylor,http://dbpedia.org/resource/Stanner_E.V._Taylor
Val Paul,http://dbpedia.org/resource/Val_Paul
William E. Wing,http://dbpedia.org/resource/William_E._Wing
Armando Robles Godoy,http://dbpedia.org/resource/Armando_Robles_Godoy
Maurice Valency,http://dbpedia.org/resource/Maurice_Valency
Hardie Gramatky,http://dbpedia.org/resource/Hardie_Gramatky
Rob Rotten,http://dbpedia.org/resource/Rob_Rotten
Angela Shelton,http://dbpedia.org/resource/Angela_Shelton
Brian Ash,http://dbpedia.org/resource/Brian_Ash
Chris Yost,http://dbpedia.org/resource/Christopher_Yost
Damion Dietz,http://dbpedia.org/resource/Damion_Dietz
Daniel Abraham,http://dbpedia.org/resource/Daniel_Abraham_(author)
Del Shores,http://dbpedia.org/resource/Del_Shores
Douglas Carter Beane,http://dbpedia.org/resource/Douglas_Carter_Beane
Edwin Carewe,http://dbpedia.org/resource/Edwin_Carewe
Ernie Fosselius,http://dbpedia.org/resource/Ernie_Fosselius
Jack Ketchum,http://dbpedia.org/resource/Jack_Ketchum
Jay Johnson,http://dbpedia.org/resource/Jay_Johnson_(ventriloquist)
Jessica Yu,http://dbpedia.org/resource/Jessica_Yu
Joanna Angel,http://dbpedia.org/resource/Joanna_Angel
JoeDon Rooney,http://dbpedia.org/resource/Joe_Don_Rooney
Jonathan Maberry,http://dbpedia.org/resource/Jonathan_Maberry
Larry Dunn,http://dbpedia.org/resource/Larry_Dunn
Mac Powell,http://dbpedia.org/resource/Mac_Powell
Booth Tarkington,http://dbpedia.org/resource/Booth_Tarkington
Robert Nathan,http://dbpedia.org/resource/Robert_Nathan
Hank Williams,http://dbpedia.org/resource/Hank_Williams
Ryan Ross,http://dbpedia.org/resource/Ryan_Ross
Walter Winchell,http://dbpedia.org/resource/Walter_Winchell
Sian Heder,http://dbpedia.org/resource/Sian_Heder
Spencer Smith,http://dbpedia.org/resource/Spencer_Smith_(musician)
Steve Balderson,http://dbpedia.org/resource/Steve_Balderson
Jerome Jones,http://dbpedia.org/resource/Young_Rome
August Wilson,http://dbpedia.org/resource/August_Wilson
Carly Simon,http://dbpedia.org/resource/Carly_Simon
Edward F. Cline,http://dbpedia.org/resource/Edward_F._Cline
Gwen Stefani,http://dbpedia.org/resource/Gwen_Stefani
John Dickson Carr,http://dbpedia.org/resource/John_Dickson_Carr
Julien Josephson,http://dbpedia.org/resource/Julien_Josephson
Kate Douglas Smith Wiggin,http://dbpedia.org/resource/Kate_Douglas_Wiggin
Kate Douglas Wiggin,http://dbpedia.org/resource/Kate_Douglas_Wiggin
Louis Jordan,http://dbpedia.org/resource/Louis_Jordan
Dave Pirner,http://dbpedia.org/resource/Dave_Pirner
Mike Post,http://dbpedia.org/resource/Mike_Post
"Within Prison Walls: Being a Narrative of Personal Experience During a Week of Voluntary Confinement in the State Prison at Auburn, New York",http://dbpedia.org/resource/Thomas_Mott_Osborne
Harold Adamson,http://dbpedia.org/resource/Harold_Adamson
James Whitcomb Riley,http://dbpedia.org/resource/James_Whitcomb_Riley
Ned Washington,http://dbpedia.org/resource/Ned_Washington
Paul Dresser,http://dbpedia.org/resource/Paul_Dresser
George Kirgo,http://dbpedia.org/resource/George_Kirgo
Irwin Allen,http://dbpedia.org/resource/Irwin_Allen
Lowell Thomas,http://dbpedia.org/resource/Lowell_Thomas
George Jeske,http://dbpedia.org/resource/George_Jeske
Darryl Hall,http://dbpedia.org/resource/Darryl_Hall
Jeffrey Blitz,http://dbpedia.org/resource/Jeffrey_Blitz
Melville Baker,http://dbpedia.org/resource/Melville_Baker
"John Furia, Jr.","http://dbpedia.org/resource/John_Furia,_Jr."
Kevin Wade,http://dbpedia.org/resource/Kevin_Wade
James V. Kern,http://dbpedia.org/resource/James_V._Kern
Josh Fox,http://dbpedia.org/resource/Josh_Fox
David M. Rosenthal,http://dbpedia.org/resource/David_M._Rosenthal_(director)
Milton Moses Ginsberg,http://dbpedia.org/resource/Milton_Moses_Ginsberg
Morgan Cox,http://dbpedia.org/resource/Morgan_Cox
George Gibbs,http://dbpedia.org/resource/George_Fort_Gibbs
Alec Mapa,http://dbpedia.org/resource/Alec_Mapa
Allison Anders,http://dbpedia.org/resource/Allison_Anders
Bobby Goldsboro,http://dbpedia.org/resource/Bobby_Goldsboro
Def Jef,http://dbpedia.org/resource/Def_Jef
Dick Richards,http://dbpedia.org/resource/Dick_Richards
Don Murray,http://dbpedia.org/resource/Don_Murray_(actor)
Doug Wright,http://dbpedia.org/resource/Doug_Wright
Edgar Allan Woolf,http://dbpedia.org/resource/Edgar_Allan_Woolf
George Kelly,http://dbpedia.org/resource/George_Kelly_(playwright)
Helen Hunt Jackson,http://dbpedia.org/resource/Helen_Hunt_Jackson
Henry King,http://dbpedia.org/resource/Henry_King_(director)
Irving Wallace,http://dbpedia.org/resource/Irving_Wallace
Jeff Mangum,http://dbpedia.org/resource/Jeff_Mangum
John Hayes,http://dbpedia.org/resource/John_Hayes_(director)
Joseph McCarthy,http://dbpedia.org/resource/Joseph_McCarthy_(lyricist)
MC Ren,http://dbpedia.org/resource/MC_Ren
Mark Twain,http://dbpedia.org/resource/Mark_Twain
Patrick Stump,http://dbpedia.org/resource/Patrick_Stump
Pee Wee,http://dbpedia.org/resource/Pee_Wee_(singer)
Ralph Wright,http://dbpedia.org/resource/Ralph_Wright
Richard Harrison,http://dbpedia.org/resource/Richard_Harrison_(actor)
Richard Kelly,http://dbpedia.org/resource/Richard_Kelly_(director)
Richard Lester,http://dbpedia.org/resource/Richard_Lester
Ricky Bell,http://dbpedia.org/resource/Ricky_Bell_(singer)
Robert Aldrich biography and credits,http://dbpedia.org/resource/Robert_Aldrich
Robin Zander,http://dbpedia.org/resource/Robin_Zander
Steve Miller,http://dbpedia.org/resource/Steve_Miller_(musician)
Tank,http://dbpedia.org/resource/Tank_(American_singer)
Tim Meadows,http://dbpedia.org/resource/Tim_Meadows
Dayanara Torres,http://dbpedia.org/resource/Dayanara_Torres
George Abbott,http://dbpedia.org/resource/George_Abbott
Michael McKean,http://dbpedia.org/resource/Michael_McKean
Will Jennings,http://dbpedia.org/resource/Will_Jennings
Bill Scott,http://dbpedia.org/resource/Bill_Scott_(voice_actor)
Carter Scholz,http://dbpedia.org/resource/Carter_Scholz
Charles Fuller,http://dbpedia.org/resource/Charles_Fuller
Daniel Reed,http://dbpedia.org/resource/Daniel_Reed_(actor)
David Duncan,http://dbpedia.org/resource/David_Duncan_(writer)
David Jacobs,http://dbpedia.org/resource/David_Jacobs_(writer)
Edward Eggleston,http://dbpedia.org/resource/Edward_Eggleston
Felix Adler,http://dbpedia.org/resource/Felix_Adler_(screenwriter)
Jeffrey Lieber,http://dbpedia.org/resource/Jeffrey_Lieber
Joe Hill,http://dbpedia.org/resource/Joe_Hill_(writer)
'Stuttering' John Melendez,http://dbpedia.org/resource/John_Melendez
Joseph Williams,http://dbpedia.org/resource/Joseph_Williams_(musician)
Kobe,http://dbpedia.org/resource/Kobe_(singer)
Patrick McGoohan,http://dbpedia.org/resource/Patrick_McGoohan
Paul Green,http://dbpedia.org/resource/Paul_Green_(playwright)
Paul Eliot Green,http://dbpedia.org/resource/Paul_Green_(playwright)
Robert A. McGowan,http://dbpedia.org/resource/Robert_A._McGowan
Robert F. McGowan,http://dbpedia.org/resource/Robert_F._McGowan
T. Hee,http://dbpedia.org/resource/T._Hee
Tim Hunter,http://dbpedia.org/resource/Tim_Hunter_(director)
Toni Basil,http://dbpedia.org/resource/Toni_Basil
Tunde Adebimpe,http://dbpedia.org/resource/Tunde_Adebimpe
Walter Scharf,http://dbpedia.org/resource/Walter_Scharf
Charles Strouse,http://dbpedia.org/resource/Charles_Strouse
Chris Fehn,http://dbpedia.org/resource/Chris_Fehn
Cy Endfield,http://dbpedia.org/resource/Cy_Endfield
Cy Endfield biography and credits,http://dbpedia.org/resource/Cy_Endfield
H. M. Walker,http://dbpedia.org/resource/H._M._Walker
Merrill De Maris,http://dbpedia.org/resource/Merrill_De_Maris
Paul Zaloom,http://dbpedia.org/resource/Paul_Zaloom
Scott Reeves,http://dbpedia.org/resource/Scott_Reeves
Sidney Howard,http://dbpedia.org/resource/Sidney_Howard
Lionel James,http://dbpedia.org/resource/Lionel_James
Lymari Nadal,http://dbpedia.org/resource/Lymari_Nadal
Jenny Lou Carson,http://dbpedia.org/resource/Jenny_Lou_Carson
Carolyn Wells,http://dbpedia.org/resource/Carolyn_Wells
Don Reid,http://dbpedia.org/resource/Don_Reid_(singer)
Edwin H. Knopf,http://dbpedia.org/resource/Edwin_H._Knopf
Harold Jack Bloom,http://dbpedia.org/resource/Harold_Jack_Bloom
Harry A. Pollard,http://dbpedia.org/resource/Harry_A._Pollard
Helen Reimensnyder Martin,http://dbpedia.org/resource/Helen_Reimensnyder_Martin
Henry Slesar,http://dbpedia.org/resource/Henry_Slesar
Jibbs,http://dbpedia.org/resource/Jibbs
Lenore J. Coffee,http://dbpedia.org/resource/Lenore_Coffee
Lorimer Johnston,http://dbpedia.org/resource/Lorimer_Johnston
Mark Schwahn,http://dbpedia.org/resource/Mark_Schwahn
Russell Hayden,http://dbpedia.org/resource/Russell_Hayden
Sydney Ayres,http://dbpedia.org/resource/Sydney_Ayres
Theodore Marston,http://dbpedia.org/resource/Theodore_Marston
Tommy Duncan,http://dbpedia.org/resource/Tommy_Duncan
Josh Miller,http://dbpedia.org/resource/Worm_Miller
Ben Ames Williams,http://dbpedia.org/resource/Ben_Ames_Williams
Edith Roberts,http://dbpedia.org/resource/Edith_Roberts
Kathryn Forbes,http://dbpedia.org/resource/Kathryn_Forbes
Stewart Edward White,http://dbpedia.org/resource/Stewart_Edward_White
Thomas Quinn Curtis,http://dbpedia.org/resource/Thomas_Quinn_Curtiss
Erin Cressida Wilson,http://dbpedia.org/resource/Erin_Cressida_Wilson
George Randolph Chester,http://dbpedia.org/resource/George_Randolph_Chester
Glen Mazzara,http://dbpedia.org/resource/Glen_Mazzara
James Lemmo,http://dbpedia.org/resource/James_Lemmo
Jon Lucas,http://dbpedia.org/resource/Jon_Lucas
Al Capone,http://dbpedia.org/resource/Al_Capone
Allen Ginsberg,http://dbpedia.org/resource/Allen_Ginsberg
Amy Grant,http://dbpedia.org/resource/Amy_Grant
Babe Ruth,http://dbpedia.org/resource/Babe_Ruth
Bill Haley,http://dbpedia.org/resource/Bill_Haley
Buddy Holly,http://dbpedia.org/resource/Buddy_Holly
Carl Barks,http://dbpedia.org/resource/Carl_Barks
Dean R. Koontz,http://dbpedia.org/resource/Dean_Koontz
Dorothy Parker,http://dbpedia.org/resource/Dorothy_Parker
E. E. Cummings,http://dbpedia.org/resource/E._E._Cummings
Edna St. Vincent Millay,http://dbpedia.org/resource/Edna_St._Vincent_Millay
Elvis Presley,http://dbpedia.org/resource/Elvis_Presley
Francis Scott Key,http://dbpedia.org/resource/Francis_Scott_Key
Fritz Leiber,http://dbpedia.org/resource/Fritz_Leiber
Garrison Keillor,http://dbpedia.org/resource/Garrison_Keillor
George R. R. Martin,http://dbpedia.org/resource/George_R._R._Martin
George S. Kaufman,http://dbpedia.org/resource/George_S._Kaufman
Gram Parsons,http://dbpedia.org/resource/Gram_Parsons
Herman Melville,http://dbpedia.org/resource/Herman_Melville
Jack Kerouac,http://dbpedia.org/resource/Jack_Kerouac
James Blish,http://dbpedia.org/resource/James_Blish
James Brown,http://dbpedia.org/resource/James_Brown
Jim Jarmusch,http://dbpedia.org/resource/Jim_Jarmusch
John Hay,http://dbpedia.org/resource/John_Hay
Kid Rock,http://dbpedia.org/resource/Kid_Rock
L. Frank Baum,http://dbpedia.org/resource/L._Frank_Baum
L. Ron Hubbard,http://dbpedia.org/resource/L._Ron_Hubbard
Larry Niven,http://dbpedia.org/resource/Larry_Niven
Michael Nesmith,http://dbpedia.org/resource/Michael_Nesmith
Nathaniel Hawthorne,http://dbpedia.org/resource/Nathaniel_Hawthorne
Neil Simon,http://dbpedia.org/resource/Neil_Simon
Peter David,http://dbpedia.org/resource/Peter_David
Philip K. Dick,http://dbpedia.org/resource/Philip_K._Dick
Raymond Chandler,http://dbpedia.org/resource/Raymond_Chandler
Robert A. Heinlein,http://dbpedia.org/resource/Robert_A._Heinlein
Robert Flaherty biography and credits,http://dbpedia.org/resource/Robert_J._Flaherty
Robert J. Flaherty,http://dbpedia.org/resource/Robert_J._Flaherty
Stephen King,http://dbpedia.org/resource/Stephen_King
Alex Albrecht,http://dbpedia.org/resource/Alex_Albrecht
Amanda Palmer,http://dbpedia.org/resource/Amanda_Palmer
Amiel Daemion,http://dbpedia.org/resource/Amiel_Daemion
Anne Rice,http://dbpedia.org/resource/Anne_Rice
Barack Obama,http://dbpedia.org/resource/Barack_Obama
Bob Regan,http://dbpedia.org/resource/Bob_Regan
Charlie Huston,http://dbpedia.org/resource/Charlie_Huston
Ed Roland,http://dbpedia.org/resource/Ed_Roland
Felix E. Feist,http://dbpedia.org/resource/Felix_E._Feist
Harvey Smith's profile,http://dbpedia.org/resource/Harvey_Smith_(game_designer)
Herb Sargent,http://dbpedia.org/resource/Herb_Sargent
John Erskine,http://dbpedia.org/resource/John_Erskine_(educator)
John Flynn,http://dbpedia.org/resource/John_Flynn_(director)
John Gray,http://dbpedia.org/resource/John_Gray_(director)
John Rogers,http://dbpedia.org/resource/John_Rogers_(writer)
Jon Brion,http://dbpedia.org/resource/Jon_Brion
Langston Hughes,http://dbpedia.org/resource/Langston_Hughes
Larry Doyle,http://dbpedia.org/resource/Larry_Doyle_(writer)
Michael Worth,http://dbpedia.org/resource/Michael_Worth
Mickey Spillane,http://dbpedia.org/resource/Mickey_Spillane
Pare Lorentz,http://dbpedia.org/resource/Pare_Lorentz
Parke Godwin,http://dbpedia.org/resource/Parke_Godwin
Phillip Rhee,http://dbpedia.org/resource/Phillip_Rhee
Randy Crawford,http://dbpedia.org/resource/Randy_Crawford
Randy Newman,http://dbpedia.org/resource/Randy_Newman
Ray J,http://dbpedia.org/resource/Ray_J
Richard Adler,http://dbpedia.org/resource/Richard_Adler
Rodney Carrington,http://dbpedia.org/resource/Rodney_Carrington
Sully Erna,http://dbpedia.org/resource/Sully_Erna
Thomas Berger,http://dbpedia.org/resource/Thomas_Berger_(novelist)
Tim O'Brien,http://dbpedia.org/resource/Tim_O'Brien_(musician)
Valentine Davies,http://dbpedia.org/resource/Valentine_Davies
Waldemar Young,http://dbpedia.org/resource/Waldemar_Young
Walter Newman,http://dbpedia.org/resource/Walter_Newman_(screenwriter)
Francis Hopkinson Smith,http://dbpedia.org/resource/Francis_Hopkinson_Smith
Alice Childress,http://dbpedia.org/resource/Alice_Childress
Allie Wrubel,http://dbpedia.org/resource/Allie_Wrubel
Doug Kenney,http://dbpedia.org/resource/Douglas_Kenney
Ed Earl Repp,http://dbpedia.org/resource/Ed_Earl_Repp
Gouverneur Morris,http://dbpedia.org/resource/Gouverneur_Morris_(novelist)
Howard Sackler,http://dbpedia.org/resource/Howard_Sackler
John Hubley,http://dbpedia.org/resource/John_Hubley
Kevin Rafferty,http://dbpedia.org/resource/Kevin_Rafferty
Marshall Lytle,http://dbpedia.org/resource/Marshall_Lytle
Michael V. Gazzo,http://dbpedia.org/resource/Michael_V._Gazzo
Nancy Hower,http://dbpedia.org/resource/Nancy_Hower
Norman Foster,http://dbpedia.org/resource/Norman_Foster_(bass)
Norman Foster,http://dbpedia.org/resource/Norman_Foster_(director)
Ralph Ceder,http://dbpedia.org/resource/Ralph_Ceder
Russ Kunkel,http://dbpedia.org/resource/Russ_Kunkel
SZA,http://dbpedia.org/resource/SZA_(singer)
Stuart M. Kaminsky,http://dbpedia.org/resource/Stuart_M._Kaminsky
Tristine Skyler,http://dbpedia.org/resource/Tristine_Skyler
"William ""Billy"" Cottrell",http://dbpedia.org/resource/William_Cottrell
Bob Guccione,http://dbpedia.org/resource/Bob_Guccione
Chester Himes,http://dbpedia.org/resource/Chester_Himes
Chris Black,http://dbpedia.org/resource/Chris_Black_(screenwriter)
Constance M. Burge,http://dbpedia.org/resource/Constance_M._Burge
Danny Lohner,http://dbpedia.org/resource/Danny_Lohner
DuBose Heyward,http://dbpedia.org/resource/DuBose_Heyward
Fannie Flagg,http://dbpedia.org/resource/Fannie_Flagg
Fannie Hurst,http://dbpedia.org/resource/Fannie_Hurst
Frank Deford,http://dbpedia.org/resource/Frank_Deford
J. S. Cardone,http://dbpedia.org/resource/J._S._Cardone
Jack Curtis,http://dbpedia.org/resource/Jack_Curtis_(actor)
Jacob Brackman,http://dbpedia.org/resource/Jacob_Brackman
John Broderick,http://dbpedia.org/resource/John_Broderick_(producer)
John G.Adolfi,http://dbpedia.org/resource/John_G._Adolfi
Joseph Barbera,http://dbpedia.org/resource/Joseph_Barbera
Kerry Conran,http://dbpedia.org/resource/Kerry_Conran
Liam O'Brien,http://dbpedia.org/resource/Liam_O'Brien_(screenwriter)
Michael Landon Jr.,http://dbpedia.org/resource/Michael_Landon_Jr.
Michael Price,http://dbpedia.org/resource/Michael_Price_(writer)
Paul Gallico,http://dbpedia.org/resource/Paul_Gallico
Robert Benchley,http://dbpedia.org/resource/Robert_Benchley
Russ Columbo,http://dbpedia.org/resource/Russ_Columbo
Woody Kling,http://dbpedia.org/resource/Woody_Kling
Adam Davidson,http://dbpedia.org/resource/Adam_Davidson_(director)
George Middleton,http://dbpedia.org/resource/George_Middleton_(playwright)
Jeff Long,http://dbpedia.org/resource/Jeff_Long_(writer)
Andrew Stanton,http://dbpedia.org/resource/Andrew_Stanton
Chad Hayes,http://dbpedia.org/resource/Chad_Hayes_(writer)
John Patrick,http://dbpedia.org/resource/John_Patrick_(dramatist)
Nunnally Johnson,http://dbpedia.org/resource/Nunnally_Johnson
William Alland,http://dbpedia.org/resource/William_Alland
Jim Steranko,http://dbpedia.org/resource/Jim_Steranko
Ralph Carter,http://dbpedia.org/resource/Ralph_Carter
Tom Mix,http://dbpedia.org/resource/Tom_Mix
William Peter Blatty,http://dbpedia.org/resource/William_Peter_Blatty
Samuel Ornitz,http://dbpedia.org/resource/Samuel_Ornitz
Victor Salva,http://dbpedia.org/resource/Victor_Salva
Albert Hackett,http://dbpedia.org/resource/Albert_Hackett
David Goodis,http://dbpedia.org/resource/David_Goodis
Edward Curtis,http://dbpedia.org/resource/Edward_S._Curtis
Edward S. Curtis,http://dbpedia.org/resource/Edward_S._Curtis
Country Style USA Recruitment: Episode 19,http://dbpedia.org/resource/Faron_Young
Country Style USA Recruitment: Episode 35,http://dbpedia.org/resource/Faron_Young
Faron Young,http://dbpedia.org/resource/Faron_Young
John A. Davis,http://dbpedia.org/resource/John_A._Davis
John Guare,http://dbpedia.org/resource/John_Guare
Mark Borchardt,http://dbpedia.org/resource/Mark_Borchardt
Mike Mills,http://dbpedia.org/resource/Mike_Mills
Robert Lopez,http://dbpedia.org/resource/Robert_Lopez
Susan Glaspell,http://dbpedia.org/resource/Susan_Glaspell
William Froug,http://dbpedia.org/resource/William_Froug
Theodore Wharton,http://dbpedia.org/resource/Theodore_Wharton
John Lee Hancock,http://dbpedia.org/resource/John_Lee_Hancock
Joseph Jackson,http://dbpedia.org/resource/Joseph_Jackson_(screenwriter)
Sid Brod,http://dbpedia.org/resource/Sid_Brod
Mann Rubin,http://dbpedia.org/resource/Mann_Rubin
Jeff Pollack,http://dbpedia.org/resource/Jeff_Pollack
Conrad Rooks,http://dbpedia.org/resource/Conrad_Rooks
Jake Rodkin,http://dbpedia.org/resource/Jake_Rodkin
Rowland Leigh,http://dbpedia.org/resource/Rowland_Leigh
Stephen Carpenter,http://dbpedia.org/resource/Stephen_Carpenter_(writer)
John Kellette,http://dbpedia.org/resource/John_Kellette
Robert Hardy Andrews,http://dbpedia.org/resource/Robert_Hardy_Andrews
Mamrie Hart,http://dbpedia.org/resource/Mamrie_Hart
Bryce Walton,http://dbpedia.org/resource/Bryce_Walton
Chris Remo,http://dbpedia.org/resource/Chris_Remo
Jackson Gregory,http://dbpedia.org/resource/Jackson_Gregory
Daniel C.Striepeke,http://dbpedia.org/resource/Daniel_C._Striepeke
Martha Stephens,http://dbpedia.org/resource/Martha_Stephens
Eleanor Mercein Kelly,http://dbpedia.org/resource/Eleanor_Mercein_Kelly
David D.A. Doman,http://dbpedia.org/resource/David_D.A._Doman
Buffalo Bill,http://dbpedia.org/resource/Buffalo_Bill
Bert Granet,http://dbpedia.org/resource/Bert_Granet
Sydney Boehm,http://dbpedia.org/resource/Sydney_Boehm
Tony Kushner,http://dbpedia.org/resource/Tony_Kushner
Ara Dinkjian,http://dbpedia.org/resource/Ara_Dinkjian
Augustus Thomas,http://dbpedia.org/resource/Augustus_Thomas
Charles Dana Gibson,http://dbpedia.org/resource/Charles_Dana_Gibson
D'Angelo,http://dbpedia.org/resource/D'Angelo
Erskine Caldwell,http://dbpedia.org/resource/Erskine_Caldwell
George Bruns,http://dbpedia.org/resource/George_Bruns
Harvey Fergusson,http://dbpedia.org/resource/Harvey_Fergusson
James Costigan,http://dbpedia.org/resource/James_Costigan
Jeff Grubb,http://dbpedia.org/resource/Jeff_Grubb
Jerome Weidman,http://dbpedia.org/resource/Jerome_Weidman
Jessamyn West,http://dbpedia.org/resource/Jessamyn_West_(writer)
Jim McKay,http://dbpedia.org/resource/Jim_McKay_(director)
Jonathan Roberts,http://dbpedia.org/resource/Jonathan_Roberts_(writer)
Mary Roberts Rinehart,http://dbpedia.org/resource/Mary_Roberts_Rinehart
Rick Rubin,http://dbpedia.org/resource/Rick_Rubin
Robert Arthur,http://dbpedia.org/resource/Robert_Arthur_(film_producer)
Stephen Goldin,http://dbpedia.org/resource/Stephen_Goldin
Toby Love,http://dbpedia.org/resource/Toby_Love
Victor Miller,http://dbpedia.org/resource/Victor_Miller_(writer)
Bennett Joshua Davlin,http://dbpedia.org/resource/Bennett_Joshua_Davlin
Tony Moran,http://dbpedia.org/resource/Tony_Moran
Azhar Usman,http://dbpedia.org/resource/Azhar_Usman
Christos N. Gage,http://dbpedia.org/resource/Christos_Gage
DJ Skribble,http://dbpedia.org/resource/DJ_Skribble
Dan Vickrey,http://dbpedia.org/resource/Dan_Vickrey
Darryl Knickrehm,http://dbpedia.org/resource/Darryl_Knickrehm
Dean Lorey,http://dbpedia.org/resource/Dean_Lorey
Joe Vitale,http://dbpedia.org/resource/Joe_Vitale_(musician)
John Moyer,http://dbpedia.org/resource/John_Moyer_(comedian)
Neil Mandt,http://dbpedia.org/resource/Neil_Mandt
Vivian Schilling,http://dbpedia.org/resource/Vivian_Schilling
Creep Creepersin,http://dbpedia.org/resource/Creep_Creepersin
Adam Powers,http://dbpedia.org/resource/Adam_Powers
Big K.R.I.T.,http://dbpedia.org/resource/Big_K.R.I.T.
Bridget Kelly,http://dbpedia.org/resource/Bridget_Kelly
Erin Hill,http://dbpedia.org/resource/Erin_Hill
Gary Baker,http://dbpedia.org/resource/Gary_Baker_(songwriter)
J. G. Quintel,http://dbpedia.org/resource/J._G._Quintel
Jeff Andrus,http://dbpedia.org/resource/Jeff_Andrus
Diddy-Dirty Money,http://dbpedia.org/resource/Kalenna_Harper
Kalenna Harper,http://dbpedia.org/resource/Kalenna_Harper
Pleasure P,http://dbpedia.org/resource/Pleasure_P
Kassim Washington,http://dbpedia.org/resource/Ricco_Barrino
Ricco Barrino,http://dbpedia.org/resource/Ricco_Barrino
Ross Ching,http://dbpedia.org/resource/Ross_Ching
Alex Kruz,http://dbpedia.org/resource/Alex_Kruz
Cha Cha Malone,http://dbpedia.org/resource/Cha_Cha_Malone
Stephen Ives,http://dbpedia.org/resource/Stephen_Ives
Ralph Spence,http://dbpedia.org/resource/Ralph_Spence_(screenwriter)
Arthur Guy Empey,http://dbpedia.org/resource/Arthur_Guy_Empey
Bob Chinn,http://dbpedia.org/resource/Bob_Chinn_(film_director)
Chris Avellone's profile,http://dbpedia.org/resource/Chris_Avellone
David Opatoshu,http://dbpedia.org/resource/David_Opatoshu
Don DaGradi,http://dbpedia.org/resource/Don_DaGradi
Melville Shavelson,http://dbpedia.org/resource/Melville_Shavelson
John Luther Long,http://dbpedia.org/resource/John_Luther_Long
Tom Barry,http://dbpedia.org/resource/Tom_Barry_(screenwriter)
Buckwild,http://dbpedia.org/resource/Buckwild
Montgomery Pittman,http://dbpedia.org/resource/Montgomery_Pittman
Mort Dixon,http://dbpedia.org/resource/Mort_Dixon
Kelly Reichardt,http://dbpedia.org/resource/Kelly_Reichardt
Tim Sullivan,http://dbpedia.org/resource/Tim_Sullivan_(director)
Arthur Dong,http://dbpedia.org/resource/Arthur_Dong
Christopher DeFaria,http://dbpedia.org/resource/Christopher_DeFaria
Frank D. Gilroy,http://dbpedia.org/resource/Frank_D._Gilroy
Harry M. Woods,http://dbpedia.org/resource/Harry_M._Woods
Herbert P. Stothart,http://dbpedia.org/resource/Herbert_Stothart
Lane Nishikawa,http://dbpedia.org/resource/Lane_Nishikawa
Lawrence Edward Watkin,http://dbpedia.org/resource/Lawrence_Edward_Watkin
Phil Reeves,http://dbpedia.org/resource/Phil_Reeves
Bill Panzer,http://dbpedia.org/resource/William_N._Panzer
Rob Epstein,http://dbpedia.org/resource/Rob_Epstein
Brandon Anderson,http://dbpedia.org/resource/Brandon_Anderson
John Taintor Foote,http://dbpedia.org/resource/John_Taintor_Foote
Richard Washburn Child,http://dbpedia.org/resource/Richard_Washburn_Child
Henry Kitchell Webster,http://dbpedia.org/resource/Henry_Kitchell_Webster
Kent Osborne,http://dbpedia.org/resource/Kent_Osborne
Victor Vu,http://dbpedia.org/resource/Victor_Vu
Miriam Michelson,http://dbpedia.org/resource/Miriam_Michelson
Beth Henley,http://dbpedia.org/resource/Beth_Henley
http://dbpedia.org/resource/Primetime_Emmy_Award,http://dbpedia.org/resource/Bill_Cosby
Grammy Awards,http://dbpedia.org/resource/Bill_Cosby
Primetime Emmys,http://dbpedia.org/resource/Bill_Cosby
Chris Carter,http://dbpedia.org/resource/Chris_Carter_(screenwriter)
Chris Roberts,http://dbpedia.org/resource/Chris_Roberts_(game_developer)
Dean Friedman,http://dbpedia.org/resource/Dean_Friedman
Dino,http://dbpedia.org/resource/Dino_(singer)
George A. Romero,http://dbpedia.org/resource/George_A._Romero
George Wells,http://dbpedia.org/resource/George_Wells_(screenwriter)
Hal Roach,http://dbpedia.org/resource/Hal_Roach
Harold Sylvester,http://dbpedia.org/resource/Harold_Sylvester
Harriet Beecher Stowe,http://dbpedia.org/resource/Harriet_Beecher_Stowe
Life of Harriet Beecher Stowe Compiled From Her Letters and Journals by Her Son Charles Edward Stowe,http://dbpedia.org/resource/Harriet_Beecher_Stowe
Henry Wadsworth Longfellow,http://dbpedia.org/resource/Henry_Wadsworth_Longfellow
Joanne Greenberg,http://dbpedia.org/resource/Joanne_Greenberg
John Reed,http://dbpedia.org/resource/John_Reed_(journalist)
John Russell,http://dbpedia.org/resource/John_Russell_(screenwriter)
Kyle Gass,http://dbpedia.org/resource/Kyle_Gass
Lloyd Osbourne,http://dbpedia.org/resource/Lloyd_Osbourne
Mark Slaughter,http://dbpedia.org/resource/Mark_Slaughter
Ol' Dirty Bastard,http://dbpedia.org/resource/Ol'_Dirty_Bastard
Orson Scott Card,http://dbpedia.org/resource/Orson_Scott_Card
Phillips Lord,http://dbpedia.org/resource/Phillips_Lord
Phyllis Eisenstein,http://dbpedia.org/resource/Phyllis_Eisenstein
Pinto Colvig,http://dbpedia.org/resource/Pinto_Colvig
Saul Swimmer,http://dbpedia.org/resource/Saul_Swimmer
Ted Wilde,http://dbpedia.org/resource/Ted_Wilde
Yolanda Adams,http://dbpedia.org/resource/Yolanda_Adams
Ben Hecht,http://dbpedia.org/resource/Ben_Hecht
Bret Harte,http://dbpedia.org/resource/Bret_Harte
Eugene O'Neill,http://dbpedia.org/resource/Eugene_O'Neill
Henry James,http://dbpedia.org/resource/Henry_James
Janis Ian,http://dbpedia.org/resource/Janis_Ian
John Guilbert Avildsen,http://dbpedia.org/resource/John_G._Avildsen
John Linnell,http://dbpedia.org/resource/John_Linnell
John Varley,http://dbpedia.org/resource/John_Varley_(author)
Mario Puzo,http://dbpedia.org/resource/Mario_Puzo
Oliver Hardy,http://dbpedia.org/resource/Oliver_Hardy
Tina Turner,http://dbpedia.org/resource/Tina_Turner
Wayne Rogers,http://dbpedia.org/resource/Wayne_Rogers
Cruz Martínez,http://dbpedia.org/resource/Cruz_Martínez
Glenn Kessler,http://dbpedia.org/resource/Glenn_Kessler_(screenwriter)
Larry Henley,http://dbpedia.org/resource/Larry_Henley
Matt Osterman,http://dbpedia.org/resource/Matt_Osterman
Rob Margolies,http://dbpedia.org/resource/Rob_Margolies
Edward Abbey,http://dbpedia.org/resource/Edward_Abbey
Gene Stratton-Porter,http://dbpedia.org/resource/Gene_Stratton-Porter
James Parrott,http://dbpedia.org/resource/James_Parrott
John Avery Lomax,http://dbpedia.org/resource/John_Lomax
Kenneth Roberts,http://dbpedia.org/resource/Kenneth_Roberts_(author)
Maxwell Anderson,http://dbpedia.org/resource/Maxwell_Anderson
Thomas Bailey Aldrich,http://dbpedia.org/resource/Thomas_Bailey_Aldrich
Jerome Bixby,http://dbpedia.org/resource/Jerome_Bixby
Richard Harding Davis,http://dbpedia.org/resource/Richard_Harding_Davis
Glen A. Larson,http://dbpedia.org/resource/Glen_A._Larson
Anna Quindlen,http://dbpedia.org/resource/Anna_Quindlen
Junior Vasquez,http://dbpedia.org/resource/Junior_Vasquez
Matt Robinson,http://dbpedia.org/resource/Matt_Robinson_(actor)
Matthew Barney,http://dbpedia.org/resource/Matthew_Barney
Patty S. Hill,http://dbpedia.org/resource/Patty_Hill
Ralph Rainger,http://dbpedia.org/resource/Ralph_Rainger
William R. Burnett,http://dbpedia.org/resource/W._R._Burnett
Craig Wayans,http://dbpedia.org/resource/Craig_Wayans
Damien Dante Wayans,http://dbpedia.org/resource/Damien_Dante_Wayans
Faith Baldwin,http://dbpedia.org/resource/Faith_Baldwin
Fred Coe,http://dbpedia.org/resource/Fred_Coe
Gene Fowler,http://dbpedia.org/resource/Gene_Fowler
Jean Webster,http://dbpedia.org/resource/Jean_Webster
Jesse Alexander,http://dbpedia.org/resource/Jesse_Alexander
Joe Roberts,http://dbpedia.org/resource/Joe_Roberts
Johnny Carpenter,http://dbpedia.org/resource/Johnny_Carpenter
Lucien Hubbard,http://dbpedia.org/resource/Lucien_Hubbard
Octavus Roy Cohen,http://dbpedia.org/resource/Octavus_Roy_Cohen
Ondi Timoner,http://dbpedia.org/resource/Ondi_Timoner
Owen Davis,http://dbpedia.org/resource/Owen_Davis
Sara Driver,http://dbpedia.org/resource/Sara_Driver
Sean Stone,http://dbpedia.org/resource/Sean_Stone
Drew Carey,http://dbpedia.org/resource/Drew_Carey
George Baxt,http://dbpedia.org/resource/George_Baxt
Al Frazier,http://dbpedia.org/resource/Al_Frazier
Barry Pearson,http://dbpedia.org/resource/Barry_Pearson
Howard Korder,http://dbpedia.org/resource/Howard_Korder
John Cecil Holm,http://dbpedia.org/resource/John_Cecil_Holm
Roger O. Hirson,http://dbpedia.org/resource/Roger_O._Hirson
Tom Martin,http://dbpedia.org/resource/Tom_Martin_(writer)
Bronte Woodward,http://dbpedia.org/resource/Bronte_Woodard
Edmond Seward,http://dbpedia.org/resource/Edmond_Seward
Bob Brunner,http://dbpedia.org/resource/Bob_Brunner
Charles E. Fritch,http://dbpedia.org/resource/Charles_E._Fritch
Daniel T. Thomsen,http://dbpedia.org/resource/Daniel_T._Thomsen
Chip Taylor,http://dbpedia.org/resource/Chip_Taylor
D. C. Fontana,http://dbpedia.org/resource/D._C._Fontana
David Rush,http://dbpedia.org/resource/David_Rush_(rapper)
Donald F. Glut,http://dbpedia.org/resource/Donald_F._Glut
Ed McBain,http://dbpedia.org/resource/Ed_McBain
Evan Hunter,http://dbpedia.org/resource/Ed_McBain
Edith Wharton,http://dbpedia.org/resource/Edith_Wharton
Eve,http://dbpedia.org/resource/Eve_(rapper)
George Clinton,http://dbpedia.org/resource/George_Clinton_(musician)
Isadore Bernstein,http://dbpedia.org/resource/Isadore_Bernstein
Jerry Douglas,http://dbpedia.org/resource/Jerry_Douglas_(director)
Jess Robbins,http://dbpedia.org/resource/Jess_Robbins
John Popper,http://dbpedia.org/resource/John_Popper
Kurt Russell,http://dbpedia.org/resource/Kurt_Russell
Leonard Bernstein,http://dbpedia.org/resource/Leonard_Bernstein
Lois Weber,http://dbpedia.org/resource/Lois_Weber
Otis Redding,http://dbpedia.org/resource/Otis_Redding
Proof,http://dbpedia.org/resource/Proof_(rapper)
Robert Herrick,http://dbpedia.org/resource/Robert_Herrick_(novelist)
Ron Shelton,http://dbpedia.org/resource/Ron_Shelton
Roy Del Ruth,http://dbpedia.org/resource/Roy_Del_Ruth
Tad Mosel,http://dbpedia.org/resource/Tad_Mosel
Taryn Manning,http://dbpedia.org/resource/Taryn_Manning
Jefferson,http://dbpedia.org/resource/Thomas_Jefferson
William Malone,http://dbpedia.org/resource/William_Malone_(director)
Cameron Watson,http://dbpedia.org/resource/Cameron_Watson_(actor)
Charles Klein,http://dbpedia.org/resource/Charles_Klein
Christopher Cain,http://dbpedia.org/resource/Christopher_Cain
Delmer Daves,http://dbpedia.org/resource/Delmer_Daves
Gary Brandner,http://dbpedia.org/resource/Gary_Brandner
Greg Garcia,http://dbpedia.org/resource/Greg_Garcia_(producer)
Lee Adams,http://dbpedia.org/resource/Lee_Adams
Mark Walton,http://dbpedia.org/resource/Mark_Walton_(story_artist)
Marshall Flaum,http://dbpedia.org/resource/Marshall_Flaum
Robert Rossen,http://dbpedia.org/resource/Robert_Rossen
Walter Woods,http://dbpedia.org/resource/Walter_Woods_(screenwriter)
Doris Payne,http://dbpedia.org/resource/Doris_Payne
Edward Chodorov,http://dbpedia.org/resource/Edward_Chodorov
Elaine S. Carrington,http://dbpedia.org/resource/Elaine_Sterne_Carrington
J.C. Nugent,http://dbpedia.org/resource/J._C._Nugent
Louis F. Edelman,http://dbpedia.org/resource/Louis_F._Edelman
Millard Webb,http://dbpedia.org/resource/Millard_Webb
Rich Wilkes,http://dbpedia.org/resource/Rich_Wilkes
George Franklin,http://dbpedia.org/resource/George_Franklin
Michael Blankfort,http://dbpedia.org/resource/Michael_Blankfort
Ross Hagen,http://dbpedia.org/resource/Ross_Hagen
Adam Duritz,http://dbpedia.org/resource/Adam_Duritz
Alan Menken,http://dbpedia.org/resource/Alan_Menken
Alicia Bridges,http://dbpedia.org/resource/Alicia_Bridges
Alison Krauss,http://dbpedia.org/resource/Alison_Krauss
Angie Martinez,http://dbpedia.org/resource/Angie_Martinez
Ashanti,http://dbpedia.org/resource/Ashanti_(singer)
Blackie Lawless,http://dbpedia.org/resource/Blackie_Lawless
Bob Seger,http://dbpedia.org/resource/Bob_Seger
Burt Bacharach,http://dbpedia.org/resource/Burt_Bacharach
Carlos Arroyo,http://dbpedia.org/resource/Carlos_Arroyo
Carole Bayer Sager,http://dbpedia.org/resource/Carole_Bayer_Sager
Carole King,http://dbpedia.org/resource/Carole_King
Conway Twitty,http://dbpedia.org/resource/Conway_Twitty
Coolio,http://dbpedia.org/resource/Coolio
Del Shannon,http://dbpedia.org/resource/Del_Shannon
Diane Duane,http://dbpedia.org/resource/Diane_Duane
Dwight Yoakam,http://dbpedia.org/resource/Dwight_Yoakam
Emily Robison,http://dbpedia.org/resource/Emily_Robison
Fergie,http://dbpedia.org/resource/Fergie_(singer)
Gene Autry,http://dbpedia.org/resource/Gene_Autry
Glenn Danzig,http://dbpedia.org/resource/Glenn_Danzig
Hal David,http://dbpedia.org/resource/Hal_David
Harold Arlen,http://dbpedia.org/resource/Harold_Arlen
Harry Chapin,http://dbpedia.org/resource/Harry_Chapin
Hoagy Carmichael,http://dbpedia.org/resource/Hoagy_Carmichael
Jaco Pastorius,http://dbpedia.org/resource/Jaco_Pastorius
Jacques Futrelle,http://dbpedia.org/resource/Jacques_Futrelle
James Lapine,http://dbpedia.org/resource/James_Lapine
James Marsters,http://dbpedia.org/resource/James_Marsters
James Rado,http://dbpedia.org/resource/James_Rado
Jane Jensen,http://dbpedia.org/resource/Jane_Jensen
Jhonen Vasquez,http://dbpedia.org/resource/Jhonen_Vasquez
Jimmy Van Heusen,http://dbpedia.org/resource/Jimmy_Van_Heusen
John Dos Passos,http://dbpedia.org/resource/John_Dos_Passos
John Stagliano,http://dbpedia.org/resource/John_Stagliano
Jonathan Lethem,http://dbpedia.org/resource/Jonathan_Lethem
Julie Brown,http://dbpedia.org/resource/Julie_Brown
Keb' Mo',http://dbpedia.org/resource/Keb'_Mo'
La Toya Jackson,http://dbpedia.org/resource/La_Toya_Jackson
Lauryn Hill,http://dbpedia.org/resource/Lauryn_Hill
Lawrence Taylor,http://dbpedia.org/resource/Lawrence_Taylor
Lawrence Watt-Evans,http://dbpedia.org/resource/Lawrence_Watt-Evans
LeAnn Rimes,http://dbpedia.org/resource/LeAnn_Rimes
Leo Robin,http://dbpedia.org/resource/Leo_Robin
Lou Brock,http://dbpedia.org/resource/Lou_Brock
Lucinda Williams,http://dbpedia.org/resource/Lucinda_Williams
Country Style USA Recruitment: Episode 34,http://dbpedia.org/resource/Marty_Robbins
Country Style USA Recruitment: Episode 8,http://dbpedia.org/resource/Marty_Robbins
Mary Chapin Carpenter,http://dbpedia.org/resource/Mary_Chapin_Carpenter
Max Brand,http://dbpedia.org/resource/Max_Brand
Natalie Merchant,http://dbpedia.org/resource/Natalie_Merchant
Nicholas Brendon,http://dbpedia.org/resource/Nicholas_Brendon
Pamela Sue Martin,http://dbpedia.org/resource/Pamela_Sue_Martin
Patty Smyth,http://dbpedia.org/resource/Patty_Smyth
Paul Morrissey,http://dbpedia.org/resource/Paul_Morrissey
Q-Tip,http://dbpedia.org/resource/Q-Tip_(musician)
Rex Stout,http://dbpedia.org/resource/Rex_Stout
Rick Dees,http://dbpedia.org/resource/Rick_Dees
Robert Sheckley,http://dbpedia.org/resource/Robert_Sheckley
Robert Silverberg,http://dbpedia.org/resource/Robert_Silverberg
Roger Nygard,http://dbpedia.org/resource/Roger_Nygard
Ron Mael,http://dbpedia.org/resource/Ron_Mael
Sue Grafton,http://dbpedia.org/resource/Sue_Grafton
Tim Conway,http://dbpedia.org/resource/Tim_Conway
Tim McGraw,http://dbpedia.org/resource/Tim_McGraw
Tom Hamilton,http://dbpedia.org/resource/Tom_Hamilton_(musician)
Will Rogers,http://dbpedia.org/resource/Will_Rogers
Bobby Bare,http://dbpedia.org/resource/Bobby_Bare
Carl Panzram,http://dbpedia.org/resource/Carl_Panzram
E-40,http://dbpedia.org/resource/E-40
Eric Garcia,http://dbpedia.org/resource/Eric_Garcia
Evan Dando,http://dbpedia.org/resource/Evan_Dando
Jennifer Paige,http://dbpedia.org/resource/Jennifer_Paige
Distortion,http://dbpedia.org/resource/Joseph_Simmons
Pauly Shore,http://dbpedia.org/resource/Pauly_Shore
Peter Cetera,http://dbpedia.org/resource/Peter_Cetera
Travis Barker,http://dbpedia.org/resource/Travis_Barker
Adina Howard,http://dbpedia.org/resource/Adina_Howard
Amerie,http://dbpedia.org/resource/Amerie
Amir Derakh,http://dbpedia.org/resource/Amir_Derakh
Barry Eisler,http://dbpedia.org/resource/Barry_Eisler
Bert McCracken profile,http://dbpedia.org/resource/Bert_McCracken
Bob Dorough,http://dbpedia.org/resource/Bob_Dorough
Boots Randolph,http://dbpedia.org/resource/Boots_Randolph
Brian Daley,http://dbpedia.org/resource/Brian_Daley
Bryan-Michael Cox,http://dbpedia.org/resource/Bryan-Michael_Cox
Cindy Wilson,http://dbpedia.org/resource/Cindy_Wilson
Costa Dillon,http://dbpedia.org/resource/Costa_Dillon
Craig Jones,http://dbpedia.org/resource/Craig_Jones_(musician)
Desmond Child,http://dbpedia.org/resource/Desmond_Child
Don Davis,http://dbpedia.org/resource/Don_Davis_(composer)
Edie Brickell,http://dbpedia.org/resource/Edie_Brickell
Eric Bazilian,http://dbpedia.org/resource/Eric_Bazilian
Eric Shanower,http://dbpedia.org/resource/Eric_Shanower
Felicia Day,http://dbpedia.org/resource/Felicia_Day
Gary Chapman,http://dbpedia.org/resource/Gary_Chapman_(musician)
Jack Keller,http://dbpedia.org/resource/Jack_Keller_(songwriter)
James 'Munky' Shaffer,http://dbpedia.org/resource/James_Shaffer
Jason Wade,http://dbpedia.org/resource/Jason_Wade
John Scalzi,http://dbpedia.org/resource/John_Scalzi
Jonathan Carroll,http://dbpedia.org/resource/Jonathan_Carroll
Kara DioGuardi,http://dbpedia.org/resource/Kara_DioGuardi
Lars Frederiksen,http://dbpedia.org/resource/Lars_Frederiksen
Lynn Ahrens,http://dbpedia.org/resource/Lynn_Ahrens
Marty Stuart,http://dbpedia.org/resource/Marty_Stuart
Mason Williams,http://dbpedia.org/resource/Mason_Williams
Michael McDonald,http://dbpedia.org/resource/Michael_McDonald_(singer)
Mopreme,http://dbpedia.org/resource/Mopreme_Shakur
Mopreme Shakur,http://dbpedia.org/resource/Mopreme_Shakur
Ron Braunstein,http://dbpedia.org/resource/Necro_(rapper)
Phil Eastman,http://dbpedia.org/resource/P._D._Eastman
Paul Davis,http://dbpedia.org/resource/Paul_Davis_(singer)
Ray Evans,http://dbpedia.org/resource/Ray_Evans
Richie Kotzen,http://dbpedia.org/resource/Richie_Kotzen
Rob Thomas,http://dbpedia.org/resource/Rob_Thomas_(writer)
Shaggy 2 Dope,http://dbpedia.org/resource/Shaggy_2_Dope
Sherman Alexie,http://dbpedia.org/resource/Sherman_Alexie
Stephen Flaherty,http://dbpedia.org/resource/Stephen_Flaherty
Suzanne de Passe,http://dbpedia.org/resource/Suzanne_de_Passe
Swizz Beatz,http://dbpedia.org/resource/Swizz_Beatz
Tanya Tucker,http://dbpedia.org/resource/Tanya_Tucker
Terry McMillan,http://dbpedia.org/resource/Terry_McMillan
Tom Perrotta,http://dbpedia.org/resource/Tom_Perrotta
Violent J,http://dbpedia.org/resource/Violent_J
William Hanna,http://dbpedia.org/resource/William_Hanna
Allan Sherman,http://dbpedia.org/resource/Allan_Sherman
Derr Biggers,http://dbpedia.org/resource/Earl_Derr_Biggers
Norman Spinrad,http://dbpedia.org/resource/Norman_Spinrad
U-God,http://dbpedia.org/resource/U-God
Will Smith,http://dbpedia.org/resource/Will_Smith
Bill Peet,http://dbpedia.org/resource/Bill_Peet
Don Marquis,http://dbpedia.org/resource/Don_Marquis
Fred Allen,http://dbpedia.org/resource/Fred_Allen
Al Corley,http://dbpedia.org/resource/Al_Corley
Bruce Johnston,http://dbpedia.org/resource/Bruce_Johnston
James Kirkwood,http://dbpedia.org/resource/James_Kirkwood_Jr.
John Fante,http://dbpedia.org/resource/John_Fante
Jonathan Larson,http://dbpedia.org/resource/Jonathan_Larson
Nathanael West,http://dbpedia.org/resource/Nathanael_West
Nicholas Meyer,http://dbpedia.org/resource/Nicholas_Meyer
Pat Metheny,http://dbpedia.org/resource/Pat_Metheny
Travis Scott,http://dbpedia.org/resource/Travis_Scott
Travis is Scott,http://dbpedia.org/resource/Travis_Scott
Janet Grillo,http://dbpedia.org/resource/Janet_Grillo
A.E. Hotchner,http://dbpedia.org/resource/A._E._Hotchner
Abraham Polonsky,http://dbpedia.org/resource/Abraham_Polonsky
DeWitt Bodeen,http://dbpedia.org/resource/DeWitt_Bodeen
Debbi Peterson,http://dbpedia.org/resource/Debbi_Peterson
Edward Everett Hale,http://dbpedia.org/resource/Edward_Everett_Hale
Frank Bacon,http://dbpedia.org/resource/Frank_Bacon_(actor)
Frank Griffin,http://dbpedia.org/resource/Frank_Griffin_(director)
Jimmy Wakely,http://dbpedia.org/resource/Jimmy_Wakely
Leonard Gardner,http://dbpedia.org/resource/Leonard_Gardner
Mark Christopher,http://dbpedia.org/resource/Mark_Christopher_(director)
Percy Heath,http://dbpedia.org/resource/Percy_Heath_(screenwriter)
Rena Riffel,http://dbpedia.org/resource/Rena_Riffel
Richard Wormser,http://dbpedia.org/resource/Richard_Wormser
Rob Burnett,http://dbpedia.org/resource/Rob_Burnett_(producer)
Robert Lees,http://dbpedia.org/resource/Robert_Lees
Stanley Ellin,http://dbpedia.org/resource/Stanley_Ellin
Thomas Hauser,http://dbpedia.org/resource/Thomas_Hauser
Todd Howard,http://dbpedia.org/resource/Todd_Howard_(video_game_designer)
Ed Decter,http://dbpedia.org/resource/Ed_Decter
Alan Burke,http://dbpedia.org/resource/Alan_Burke
Alice Hegan Rice,http://dbpedia.org/resource/Alice_Hegan_Rice
Alice Wu,http://dbpedia.org/resource/Alice_Wu
Anthony W. Coldeway,http://dbpedia.org/resource/Anthony_Coldeway
Bennett Cohen,http://dbpedia.org/resource/Bennett_Cohen
Dan Harris,http://dbpedia.org/resource/Dan_Harris_(screenwriter)
David Rabe,http://dbpedia.org/resource/David_Rabe
George W. Peck,http://dbpedia.org/resource/George_Wilbur_Peck
George Wilbur Peck,http://dbpedia.org/resource/George_Wilbur_Peck
Gerald Duffy,http://dbpedia.org/resource/Gerald_Duffy
Guy Endore,http://dbpedia.org/resource/Guy_Endore
Harold MacGrath,http://dbpedia.org/resource/Harold_MacGrath
Hy Zaret,http://dbpedia.org/resource/Hy_Zaret
Jim Kjelgaard,http://dbpedia.org/resource/Jim_Kjelgaard
Mark Snow,http://dbpedia.org/resource/Mark_Snow
Mary Mazzio,http://dbpedia.org/resource/Mary_Mazzio
Alan Rudolph,http://dbpedia.org/resource/Alan_Rudolph
Anne Douglas Sedgwick,http://dbpedia.org/resource/Anne_Douglas_Sedgwick
Brian Garfield,http://dbpedia.org/resource/Brian_Garfield
Clarence G. Badger,http://dbpedia.org/resource/Clarence_G._Badger
Dwight H. Little,http://dbpedia.org/resource/Dwight_H._Little
Frank Shields,http://dbpedia.org/resource/Frank_Shields
Fred Ahlert,http://dbpedia.org/resource/Fred_E._Ahlert
Gilbert Adler,http://dbpedia.org/resource/Gilbert_Adler
Luana Anders,http://dbpedia.org/resource/Luana_Anders
Luis Valdez,http://dbpedia.org/resource/Luis_Valdez
Marjorie Kellogg,http://dbpedia.org/resource/Marjorie_Kellogg
Michael Shaowanasai,http://dbpedia.org/resource/Michael_Shaowanasai
Pee Wee King,http://dbpedia.org/resource/Pee_Wee_King
Robert Riskin,http://dbpedia.org/resource/Robert_Riskin
Rupert Hughes,http://dbpedia.org/resource/Rupert_Hughes
Stephanie Hodge,http://dbpedia.org/resource/Stephanie_Hodge
Wayne Walker,http://dbpedia.org/resource/Wayne_Walker
Borden Chase,http://dbpedia.org/resource/Borden_Chase
Craig Hutchinson,http://dbpedia.org/resource/Craig_Hutchinson
David Anthony Higgins,http://dbpedia.org/resource/David_Anthony_Higgins
Denne Bart Petitclerc,http://dbpedia.org/resource/Denne_Bart_Petitclerc
Fred M. Wilcox,http://dbpedia.org/resource/Fred_M._Wilcox
Jim Wynorski,http://dbpedia.org/resource/Jim_Wynorski
John Paxton,http://dbpedia.org/resource/John_Paxton
Marshall Goldberg,http://dbpedia.org/resource/Marshall_Goldberg
Michael Tollin,http://dbpedia.org/resource/Michael_Tollin
Norman Krasna,http://dbpedia.org/resource/Norman_Krasna
Peter O'Fallon,http://dbpedia.org/resource/Peter_O'Fallon
Pierce Rafferty,http://dbpedia.org/resource/Pierce_Rafferty
Todd Louiso,http://dbpedia.org/resource/Todd_Louiso
Toni Kalem,http://dbpedia.org/resource/Toni_Kalem
Dirk Shafer,http://dbpedia.org/resource/Dirk_Shafer
Ernest Pintoff,http://dbpedia.org/resource/Ernest_Pintoff
Jane Anderson,http://dbpedia.org/resource/Jane_Anderson
Natina Reed,http://dbpedia.org/resource/Natina_Reed
Bill Kelly,http://dbpedia.org/resource/Bill_Kelly_(writer)
Bill Richmond,http://dbpedia.org/resource/Bill_Richmond_(writer)
Ehren Kruger,http://dbpedia.org/resource/Ehren_Kruger
Eric Overmyer,http://dbpedia.org/resource/Eric_Overmyer
Floyd Dell,http://dbpedia.org/resource/Floyd_Dell
Hall Bartlett,http://dbpedia.org/resource/Hall_Bartlett
Heck Allen,http://dbpedia.org/resource/Henry_Wilson_Allen
Jim Harmon,http://dbpedia.org/resource/Jim_Harmon
Ken Darby,http://dbpedia.org/resource/Ken_Darby
Leif Tilden,http://dbpedia.org/resource/Leif_Tilden
Norman Abbott,http://dbpedia.org/resource/Norman_Abbott
Rod Amateau,http://dbpedia.org/resource/Rod_Amateau
Brian Hohlfeld,http://dbpedia.org/resource/Brian_Hohlfeld
Hunt Stromberg,http://dbpedia.org/resource/Hunt_Stromberg
Roger Michael Watkins,http://dbpedia.org/resource/Roger_Watkins
Jimmy Starr,http://dbpedia.org/resource/Jimmy_Starr
William E. Barrett,http://dbpedia.org/resource/William_Edmund_Barrett
M. Phil Senini,http://dbpedia.org/resource/M._Phil_Senini
Chuck Vincent,http://dbpedia.org/resource/Chuck_Vincent_(director)
Lucius Shepard,http://dbpedia.org/resource/Lucius_Shepard
Paul Dini,http://dbpedia.org/resource/Paul_Dini
Afrika Bambaataa,http://dbpedia.org/resource/Afrika_Bambaataa
Alice Hoffman,http://dbpedia.org/resource/Alice_Hoffman
Andy Milligan,http://dbpedia.org/resource/Andy_Milligan
Beulah Marie Dix,http://dbpedia.org/resource/Beulah_Marie_Dix
Bill Walsh,http://dbpedia.org/resource/Bill_Walsh_(producer)
Clement Clarke Moore,http://dbpedia.org/resource/Clement_Clarke_Moore
David Banner,http://dbpedia.org/resource/David_Banner
Diana Gabaldon,http://dbpedia.org/resource/Diana_Gabaldon
Eleanor Hoyt Brainerd,http://dbpedia.org/resource/Eleanor_Hoyt_Brainerd
Elmer Rice,http://dbpedia.org/resource/Elmer_Rice
Ernest Haycox,http://dbpedia.org/resource/Ernest_Haycox
Gene Wilder,http://dbpedia.org/resource/Gene_Wilder
George Barr McCutcheon,http://dbpedia.org/resource/George_Barr_McCutcheon
Gordon Douglas,http://dbpedia.org/resource/Gordon_Douglas_(director)
Jack Johnson,http://dbpedia.org/resource/Jack_Johnson_(musician)
Jessicka,http://dbpedia.org/resource/Jessicka
Julian Bond,http://dbpedia.org/resource/Julian_Bond
Kat DeLuna,http://dbpedia.org/resource/Kat_DeLuna
Lewis Lapham,http://dbpedia.org/resource/Lewis_H._Lapham
Lyle Kessler,http://dbpedia.org/resource/Lyle_Kessler
Nick Lachey,http://dbpedia.org/resource/Nick_Lachey
Norman Mailer,http://dbpedia.org/resource/Norman_Mailer
"We Are in Love with the Word, Part I",http://dbpedia.org/resource/Norman_Mailer
"We Are in Love with the Word, Part II",http://dbpedia.org/resource/Norman_Mailer
Randi Mayem Singer,http://dbpedia.org/resource/Randi_Mayem_Singer
Rex Beach,http://dbpedia.org/resource/Rex_Beach
Steve Jordan,http://dbpedia.org/resource/Steve_Jordan_(musician)
Terry Moore,http://dbpedia.org/resource/Terry_Moore_(actress)
Richard T. Heffron,http://dbpedia.org/resource/Richard_T._Heffron
Stanley Ralph Ross,http://dbpedia.org/resource/Stanley_Ralph_Ross
Chip Rosenbloom,http://dbpedia.org/resource/Chip_Rosenbloom
Emory Johnson,http://dbpedia.org/resource/Emory_Johnson
Artie Schroeck,http://dbpedia.org/resource/Artie_Schroeck
Douglas Fairbanks,http://dbpedia.org/resource/Douglas_Fairbanks
Jade Villalon,http://dbpedia.org/resource/Jade_Villalon
Omar Regan,http://dbpedia.org/resource/Omar_Regan
Ben Safdie,http://dbpedia.org/resource/Safdie_Brothers
Joshua Safdie,http://dbpedia.org/resource/Safdie_Brothers
Ann Peebles,http://dbpedia.org/resource/Ann_Peebles
David Graham Phillips,http://dbpedia.org/resource/David_Graham_Phillips
Dudley Nichols,http://dbpedia.org/resource/Dudley_Nichols
Ed King,http://dbpedia.org/resource/Ed_King
Edith Massey,http://dbpedia.org/resource/Edith_Massey
George Ade,http://dbpedia.org/resource/George_Ade
Jason Katims,http://dbpedia.org/resource/Jason_Katims
Jerome Chodorov,http://dbpedia.org/resource/Jerome_Chodorov
John Lee Mahin,http://dbpedia.org/resource/John_Lee_Mahin
Mark Cerny,http://dbpedia.org/resource/Mark_Cerny
Richard A. Whiting,http://dbpedia.org/resource/Richard_A._Whiting
Robert E. Sherwood,http://dbpedia.org/resource/Robert_E._Sherwood
Russell S. Doughten,http://dbpedia.org/resource/Russell_S._Doughten
Clifford D. Simak,http://dbpedia.org/resource/Clifford_D._Simak
Bruce Hendricks,http://dbpedia.org/resource/Bruce_Hendricks
Focus…,http://dbpedia.org/resource/Focus...
Jon Spaihts,http://dbpedia.org/resource/Jon_Spaihts
Red Steagall,http://dbpedia.org/resource/Red_Steagall
Alan Brennert,http://dbpedia.org/resource/Alan_Brennert
Brent Huff,http://dbpedia.org/resource/Brent_Huff
Chris Tashima,http://dbpedia.org/resource/Chris_Tashima
Desmond Mullen,http://dbpedia.org/resource/Desmond_Mullen
Dudley Murphy,http://dbpedia.org/resource/Dudley_Murphy
Joanna Priestley,http://dbpedia.org/resource/Joanna_Priestley
John Skipp,http://dbpedia.org/resource/John_Skipp
Kelly Monteith,http://dbpedia.org/resource/Kelly_Monteith
Kenny Rankin,http://dbpedia.org/resource/Kenny_Rankin
Leah Meyerhoff,http://dbpedia.org/resource/Leah_Meyerhoff
Seth Michael Donsky,http://dbpedia.org/resource/Seth_Michael_Donsky
Todd Farmer,http://dbpedia.org/resource/Todd_Farmer
Waylon Payne,http://dbpedia.org/resource/Waylon_Payne
Kate Pierson,http://dbpedia.org/resource/Kate_Pierson
Amber Benson,http://dbpedia.org/resource/Amber_Benson
Frank Tashlin,http://dbpedia.org/resource/Frank_Tashlin
Friz Freleng,http://dbpedia.org/resource/Friz_Freleng
Jack Mercer,http://dbpedia.org/resource/Jack_Mercer
James Fenimore Cooper,http://dbpedia.org/resource/James_Fenimore_Cooper
James Weldon Johnson,http://dbpedia.org/resource/James_Weldon_Johnson
Jim Thompson,http://dbpedia.org/resource/Jim_Thompson_(writer)
Steve Meretzky,http://dbpedia.org/resource/Steve_Meretzky
Steven Meretzky,http://dbpedia.org/resource/Steve_Meretzky
Steven Barnes,http://dbpedia.org/resource/Steven_Barnes
Thomas M. Disch,http://dbpedia.org/resource/Thomas_M._Disch
Alice Duer Miller,http://dbpedia.org/resource/Alice_Duer_Miller
Bruce Jones,http://dbpedia.org/resource/Bruce_Jones_(comics)
Charles Larson,http://dbpedia.org/resource/Charles_Larson_(producer)
David Belasco,http://dbpedia.org/resource/David_Belasco
Edward Buzzell,http://dbpedia.org/resource/Edward_Buzzell
Elizabeth Robins,http://dbpedia.org/resource/Elizabeth_Robins
The Magnetic North,http://dbpedia.org/resource/Elizabeth_Robins
Jacques Jaccard,http://dbpedia.org/resource/Jacques_Jaccard
James Agee,http://dbpedia.org/resource/James_Agee
Jerry Juhl,http://dbpedia.org/resource/Jerry_Juhl
Joseph Heller,http://dbpedia.org/resource/Joseph_Heller
Lee Ving,http://dbpedia.org/resource/Lee_Ving
Leonard Schrader,http://dbpedia.org/resource/Leonard_Schrader
Michael McDowell,http://dbpedia.org/resource/Michael_McDowell_(author)
Nick Schenk,http://dbpedia.org/resource/Nick_Schenk
Paul Carter Harrison,http://dbpedia.org/resource/Paul_Carter_Harrison
Stan Jones,http://dbpedia.org/resource/Stan_Jones_(songwriter)
Steve Lawrence,http://dbpedia.org/resource/Steve_Lawrence
Vincent Sherman,http://dbpedia.org/resource/Vincent_Sherman
Chris Thompson,http://dbpedia.org/resource/Chris_Thompson_(TV_producer)
David Wellington,http://dbpedia.org/resource/David_Wellington_(author)
Durga McBroom,http://dbpedia.org/resource/Durga_McBroom
Eben Ostby,http://dbpedia.org/resource/Eben_Fiske_Ostby
Edwin J. Burke,http://dbpedia.org/resource/Edwin_J._Burke
Elliott J. Clawson,http://dbpedia.org/resource/Elliott_J._Clawson
Jack Burns,http://dbpedia.org/resource/Jack_Burns
Jeff Moss,http://dbpedia.org/resource/Jeff_Moss
John Bishop's Bio,http://dbpedia.org/resource/John_Bishop_(screenwriter)
John Ehle,http://dbpedia.org/resource/John_Ehle
Joseph Hergesheimer,http://dbpedia.org/resource/Joseph_Hergesheimer
Margaret Mayo,http://dbpedia.org/resource/Margaret_Mayo_(playwright)
Michael Patrick Jann,http://dbpedia.org/resource/Michael_Patrick_Jann
http://dbpedia.org/resource/Ohio_State_Buckeyes_football,http://dbpedia.org/resource/Paul_Brown
http://dbpedia.org/resource/1942_Ohio_State_Buckeyes_football_team,http://dbpedia.org/resource/Paul_Brown
http://dbpedia.org/resource/1941_Ohio_State_Buckeyes_football_team,http://dbpedia.org/resource/Paul_Brown
http://dbpedia.org/resource/1943_Ohio_State_Buckeyes_football_team,http://dbpedia.org/resource/Paul_Brown
http://dbpedia.org/resource/Great_Lakes_Navy_Bluejackets_football,http://dbpedia.org/resource/Paul_Brown
Ohio State,http://dbpedia.org/resource/Paul_Brown
Great Lakes Navy,http://dbpedia.org/resource/Paul_Brown
Paul Brown,http://dbpedia.org/resource/Paul_Brown
Rachel Crothers,http://dbpedia.org/resource/Rachel_Crothers
Silvio Horta,http://dbpedia.org/resource/Silvio_Horta
Stuart Walker,http://dbpedia.org/resource/Stuart_Walker_(filmmaker)
Tom Jones,http://dbpedia.org/resource/Tom_Jones_(writer)
Barbara Hall,http://dbpedia.org/resource/Barbara_Hall_(TV_producer)
David Jacobson,http://dbpedia.org/resource/David_Jacobson_(director)
Huey Lewis,http://dbpedia.org/resource/Huey_Lewis
J. Edward Hungerford,http://dbpedia.org/resource/J._Edward_Hungerford
James B. Allardice,http://dbpedia.org/resource/James_B._Allardice
Marsha Norman,http://dbpedia.org/resource/Marsha_Norman
Martin Flavin,http://dbpedia.org/resource/Martin_Flavin
Philip Yordan,http://dbpedia.org/resource/Philip_Yordan
Sheldon Reynolds,http://dbpedia.org/resource/Sheldon_Reynolds_(producer)
Wade Boteler,http://dbpedia.org/resource/Wade_Boteler
Arthur Fields,http://dbpedia.org/resource/Arthur_Fields
Barry Primus,http://dbpedia.org/resource/Barry_Primus
Bob Russell,http://dbpedia.org/resource/Bob_Russell_(songwriter)
Brooke Valentine,http://dbpedia.org/resource/Brooke_Valentine
Carl Franklin,http://dbpedia.org/resource/Carl_Franklin
Cay Forrester,http://dbpedia.org/resource/Cay_Forrester
Danny Kortchmar,http://dbpedia.org/resource/Danny_Kortchmar
Edward Bernds,http://dbpedia.org/resource/Edward_Bernds
Frances Marion,http://dbpedia.org/resource/Frances_Marion
Gerald Casale,http://dbpedia.org/resource/Gerald_Casale
Herb Magidson,http://dbpedia.org/resource/Herb_Magidson
Howard E. Koch,http://dbpedia.org/resource/Howard_E._Koch
Howard Lindsay,http://dbpedia.org/resource/Howard_Lindsay
Jean Rouverol,http://dbpedia.org/resource/Jean_Rouverol
Joe Berger,http://dbpedia.org/resource/Joe_Berger
Joseph Farnham,http://dbpedia.org/resource/Joseph_W._Farnham
Just Blaze,http://dbpedia.org/resource/Just_Blaze
Kathleen Norris,http://dbpedia.org/resource/Kathleen_Norris
Kathleen Thompson Norris,http://dbpedia.org/resource/Kathleen_Norris
Lester Cole,http://dbpedia.org/resource/Lester_Cole
Lizzy Borden,http://dbpedia.org/resource/Lizzy_Borden_(actress)
O'Kelly Isley,http://dbpedia.org/resource/O'Kelly_Isley_Jr.
Patrick Labyorteaux,http://dbpedia.org/resource/Patrick_Labyorteaux
Philip Francis Nowlan,http://dbpedia.org/resource/Philip_Francis_Nowlan
The Airlords of Han by Philip Francis Nowlan,http://dbpedia.org/resource/Philip_Francis_Nowlan
Ronald De Voe,http://dbpedia.org/resource/Ronnie_DeVoe
Samson Raphaelson,http://dbpedia.org/resource/Samson_Raphaelson
Walter Prescott Webb,http://dbpedia.org/resource/Walter_Prescott_Webb
Al Stillman,http://dbpedia.org/resource/Al_Stillman
Angela Robinson,http://dbpedia.org/resource/Angela_Robinson
Arthur Ripley,http://dbpedia.org/resource/Arthur_Ripley
Bernard Vorhaus,http://dbpedia.org/resource/Bernard_Vorhaus
Bryan Fuller,http://dbpedia.org/resource/Bryan_Fuller
Edward Bryant,http://dbpedia.org/resource/Edward_Bryant
Eytan Fox,http://dbpedia.org/resource/Eytan_Fox
Gordon Mitchell,http://dbpedia.org/resource/Gordon_Mitchell
Jo Eisinger,http://dbpedia.org/resource/Jo_Eisinger
Luke L. Short,http://dbpedia.org/resource/Luke_Short
Maxwell Shane,http://dbpedia.org/resource/Maxwell_Shane
Nedrick Young,http://dbpedia.org/resource/Nedrick_Young
No I.D.,http://dbpedia.org/resource/No_I.D.
Patty Jenkins,http://dbpedia.org/resource/Patty_Jenkins
Peter Fernandez,http://dbpedia.org/resource/Peter_Fernandez
Sam Simon,http://dbpedia.org/resource/Sam_Simon
Samuel G. Engel,http://dbpedia.org/resource/Samuel_G._Engel
Scott Alexander,http://dbpedia.org/resource/Scott_Alexander_and_Larry_Karaszewski
Larry Karaszewski,http://dbpedia.org/resource/Scott_Alexander_and_Larry_Karaszewski
Shawn Ryan,http://dbpedia.org/resource/Shawn_Ryan
Terry Sanders,http://dbpedia.org/resource/Terry_Sanders
Tom Maddox,http://dbpedia.org/resource/Tom_Maddox
Walon Green,http://dbpedia.org/resource/Walon_Green
William C. Anderson,http://dbpedia.org/resource/William_Charles_Anderson
Agnes Christine Johnston,http://dbpedia.org/resource/Agnes_Christine_Johnston
Arthur L. Jarrett,http://dbpedia.org/resource/Arthur_L._Jarrett
Ben F. Wilson,http://dbpedia.org/resource/Ben_F._Wilson
Bradley King,http://dbpedia.org/resource/Bradley_King
Dan James,http://dbpedia.org/resource/Dan_James
Douglas Z. Doty,http://dbpedia.org/resource/Douglas_Z._Doty
Frank Howard Clark,http://dbpedia.org/resource/Frank_Howard_Clark
George W. George,http://dbpedia.org/resource/George_W._George
Matt Goldman,http://dbpedia.org/resource/Matt_Goldman
Monte Collins,http://dbpedia.org/resource/Monte_Collins
Otis Turner,http://dbpedia.org/resource/Otis_Turner
Sam Jaeger,http://dbpedia.org/resource/Sam_Jaeger
Seton I. Miller,http://dbpedia.org/resource/Seton_I._Miller
Brian Reitzell,http://dbpedia.org/resource/Brian_Reitzell
Chris Fisher,http://dbpedia.org/resource/Chris_Fisher
Grant Clarke,http://dbpedia.org/resource/Grant_Clarke
Harold Jacob Smith,http://dbpedia.org/resource/Harold_Jacob_Smith
Jamaa Fanaka,http://dbpedia.org/resource/Jamaa_Fanaka
Peter Barsocchini,http://dbpedia.org/resource/Peter_Barsocchini
"Sanford ""Sammy"" White",http://dbpedia.org/resource/Sanford_White
Bill S. Ballinger,http://dbpedia.org/resource/Bill_S._Ballinger
Garrett Graham,http://dbpedia.org/resource/Garrett_Graham
Charles Marquis Warren,http://dbpedia.org/resource/Charles_Marquis_Warren
Patrick Rea,http://dbpedia.org/resource/Patrick_Rea
Lil' C,http://dbpedia.org/resource/Lil'_C_(record_producer)
Vinylz,http://dbpedia.org/resource/Vinylz
Carl Van Vechten,http://dbpedia.org/resource/Carl_Van_Vechten
Howard Fast,http://dbpedia.org/resource/Howard_Fast
"Horovitz, Israel",http://dbpedia.org/resource/Israel_Horovitz
Jacob Epstein,http://dbpedia.org/resource/Jacob_Epstein
Julius J. Epstein,http://dbpedia.org/resource/Julius_J._Epstein
Randy Jackson,http://dbpedia.org/resource/Randy_Jackson
Sam Cooke,http://dbpedia.org/resource/Sam_Cooke
Tony Yayo,http://dbpedia.org/resource/Tony_Yayo
Ally Walker,http://dbpedia.org/resource/Ally_Walker
Jeannie Ortega,http://dbpedia.org/resource/Jeannie_Ortega
Kevin Konrad Hanna,http://dbpedia.org/resource/Kevin_Hanna
Steve Dahl,http://dbpedia.org/resource/Steve_Dahl
Stormy Daniels,http://dbpedia.org/resource/Stormy_Daniels
Charles King,http://dbpedia.org/resource/Charles_King_(general)
DJ Quik,http://dbpedia.org/resource/DJ_Quik
Danny Steinmann,http://dbpedia.org/resource/Danny_Steinmann
Eric Kripke,http://dbpedia.org/resource/Eric_Kripke
F. Richard Jones,http://dbpedia.org/resource/F._Richard_Jones
Frank J. Myers,http://dbpedia.org/resource/Frank_J._Myers
Gene L. Coon,http://dbpedia.org/resource/Gene_L._Coon
Horton Foote,http://dbpedia.org/resource/Horton_Foote
Irving Shulman,http://dbpedia.org/resource/Irving_Shulman
Jazze Pha,http://dbpedia.org/resource/Jazze_Pha
John Sherman,http://dbpedia.org/resource/John_Sherman
Lesser Samuels,http://dbpedia.org/resource/Lesser_Samuels
Ace Young,http://dbpedia.org/resource/Ace_Young
Bobby Byrd,http://dbpedia.org/resource/Bobby_Byrd
Bobby Kimball,http://dbpedia.org/resource/Bobby_Kimball
Brian Ray,http://dbpedia.org/resource/Brian_Ray
Bruce Brown,http://dbpedia.org/resource/Bruce_Brown
Carol Connors,http://dbpedia.org/resource/Carol_Connors_(singer)
Christopher Golden,http://dbpedia.org/resource/Christopher_Golden
Dick Wagner,http://dbpedia.org/resource/Dick_Wagner
Douglas Clegg,http://dbpedia.org/resource/Douglas_Clegg
Ellie Greenwich,http://dbpedia.org/resource/Ellie_Greenwich
Fat Joe,http://dbpedia.org/resource/Fat_Joe
Gregory Allen Howard,http://dbpedia.org/resource/Gregory_Allen_Howard
Henry Paris,http://dbpedia.org/resource/Radley_Metzger
Radley Metzger,http://dbpedia.org/resource/Radley_Metzger
Robert Axelrod,http://dbpedia.org/resource/Robert_Axelrod_(actor)
James Kerwin,http://dbpedia.org/resource/James_Kerwin
Jon Oliva,http://dbpedia.org/resource/Jon_Oliva
Jonathan Coulton,http://dbpedia.org/resource/Jonathan_Coulton
Judy Landers,http://dbpedia.org/resource/Judy_Landers
Russel Crouse,http://dbpedia.org/resource/Russel_Crouse
Ryan Miller,http://dbpedia.org/resource/Ryan_Miller
Kenneth Johnson,http://dbpedia.org/resource/Kenneth_Johnson_(producer)
Lewis Shiner,http://dbpedia.org/resource/Lewis_Shiner
Michel'le,http://dbpedia.org/resource/Michel'le
Mick Thomson,http://dbpedia.org/resource/Mick_Thomson
Steve Kramer,http://dbpedia.org/resource/Steve_Kramer_(actor)
Steven Brill,http://dbpedia.org/resource/Steven_Brill_(scriptwriter)
Nathan Larson,http://dbpedia.org/resource/Nathan_Larson
Terri Nunn,http://dbpedia.org/resource/Terri_Nunn
Ryan Shuck,http://dbpedia.org/resource/Ryan_Shuck
Shannon Larkin,http://dbpedia.org/resource/Shannon_Larkin
Vin Moore,http://dbpedia.org/resource/Vin_Moore
Tom Ruegger,http://dbpedia.org/resource/Tom_Ruegger
William Girdler,http://dbpedia.org/resource/William_Girdler
William Kotzwinkle,http://dbpedia.org/resource/William_Kotzwinkle
Xavier Atencio,http://dbpedia.org/resource/Xavier_Atencio
Duncan Scott,http://dbpedia.org/resource/Duncan_Scott_(director)
Sam Hunt,http://dbpedia.org/resource/Sam_Hunt
Herbert J. Biberman,http://dbpedia.org/resource/Herbert_Biberman
Harrington Strong,http://dbpedia.org/resource/Johnston_McCulley
Johnston McCulley,http://dbpedia.org/resource/Johnston_McCulley
Patrick Casey,http://dbpedia.org/resource/Patrick_Casey_(writer)
Samuel Merwin,http://dbpedia.org/resource/Samuel_Merwin_(writer)
William Nigh,http://dbpedia.org/resource/William_Nigh
Brian Lynch,http://dbpedia.org/resource/Brian_Lynch_(writer)
Gary Sherman,http://dbpedia.org/resource/Gary_Sherman_(director)
George Fitch,http://dbpedia.org/resource/George_Helgesen_Fitch
Rafe Judkins,http://dbpedia.org/resource/Rafe_Judkins
Craig Bartlett,http://dbpedia.org/resource/Craig_Bartlett
Dorothy Fields,http://dbpedia.org/resource/Dorothy_Fields
Emma Lazarus,http://dbpedia.org/resource/Emma_Lazarus
Ron Gilbert,http://dbpedia.org/resource/Ron_Gilbert
Alexander Woollcott,http://dbpedia.org/resource/Alexander_Woollcott
Elbert Hubbard,http://dbpedia.org/resource/Elbert_Hubbard
Paul Strand,http://dbpedia.org/resource/Paul_Strand
Sidney Harmon,http://dbpedia.org/resource/Sidney_Harmon
Sam Taylor,http://dbpedia.org/resource/Sam_Taylor_(director)
Wes Farrell,http://dbpedia.org/resource/Wes_Farrell
Ambrose Bierce,http://dbpedia.org/resource/Ambrose_Bierce
Bo Goldman,http://dbpedia.org/resource/Bo_Goldman
Bob Hilliard,http://dbpedia.org/resource/Bob_Hilliard
Courtney Ryley Cooper,http://dbpedia.org/resource/Courtney_Ryley_Cooper
David Case,http://dbpedia.org/resource/David_F._Case
Irene Taylor Brodsky,http://dbpedia.org/resource/Irene_Taylor_Brodsky
James Fargo,http://dbpedia.org/resource/James_Fargo
Mark Medoff,http://dbpedia.org/resource/Mark_Medoff
Mildred J. Hill,http://dbpedia.org/resource/Mildred_J._Hill
Robert N. Bradbury,http://dbpedia.org/resource/Robert_N._Bradbury
Scott Swan,http://dbpedia.org/resource/Scott_Swan
Donn Byrne,http://dbpedia.org/resource/Brian_Oswald_Donn-Byrne
C. Graham Baker,http://dbpedia.org/resource/C._Graham_Baker
Edward T. Lowe Jr.,http://dbpedia.org/resource/Edward_T._Lowe_Jr.
Leigh Jason,http://dbpedia.org/resource/Leigh_Jason
Lloyd Ingraham,http://dbpedia.org/resource/Lloyd_Ingraham
Noel M. Smith,http://dbpedia.org/resource/Noel_M._Smith
Quinn Redeker,http://dbpedia.org/resource/Quinn_Redeker
Thomas W. Blackburn,http://dbpedia.org/resource/Tom_W._Blackburn
Walter Anthony,http://dbpedia.org/resource/Walter_Anthony
Barry Morrow,http://dbpedia.org/resource/Barry_Morrow
Bill Gunn,http://dbpedia.org/resource/Bill_Gunn_(writer)
Aaron Schneider,http://dbpedia.org/resource/Aaron_Schneider
Tom Cole,http://dbpedia.org/resource/Tom_Cole_(writer)
Mason,http://dbpedia.org/resource/Mason_(director)
Harry Revier,http://dbpedia.org/resource/Harry_Revier
Tamarat Makonnen,http://dbpedia.org/resource/Tamarat_Makonnen
Larz Bourne,http://dbpedia.org/resource/Larz_Bourne
Stanley Rubin,http://dbpedia.org/resource/Stanley_Rubin
Dennis Shryack,http://dbpedia.org/resource/Dennis_Shryack
Jim Reynolds,http://dbpedia.org/resource/Jim_Reynolds
Tony Gerber,http://dbpedia.org/resource/Tony_Gerber
